beneficiary_id,name,region_id,program_id,income_before,email
1,"Ravi Kumar",1,1,12000.00,ravikumar@gmail.com
2,"Sita Devi",2,2,8000.00,sitadevi@gmail.com
3,"John Smith",3,3,15000.00,johnsmith@gmail.com
4,Rishik,3,1,30000.00,KOTAGIRIPREETHAM02@GMAIL.COM
5,"Rahul Verma",3,2,11000.00,rahulverma5@gmail.com
6,"Priya Sharma",3,1,7000.00,priyasharma6@gmail.com
7,"Kiran Rao",1,3,13500.00,kiranrao7@gmail.com
8,"Sneha Patil",2,1,8800.00,snehapatil8@gmail.com
9,"Arjun Mehta",3,2,14200.00,arjunmehta9@gmail.com
10,"Lakshmi Nair",1,1,6000.00,lakshminair10@gmail.com
11,"Vikram Singh",2,2,12500.00,vikramsingh11@gmail.com
12,"Neha Joshi",3,3,9200.00,nehajoshi12@gmail.com
13,"Amit Das",1,1,7800.00,amitdas13@gmail.com
14,"Pooja Iyer",2,2,10500.00,poojaiyer14@gmail.com
15,"Suresh Babu",3,3,16000.00,sureshbabu15@gmail.com
16,"Divya Menon",1,2,8700.00,divyamenon16@gmail.com
17,"Manoj Kumar",2,3,9900.00,manojkumar17@gmail.com
18,"Kavya Rao",3,1,11500.00,kavyarao18@gmail.com
19,"Nikhil Jain",1,3,6400.00,nikhiljain19@gmail.com
20,"Asha Rani",2,1,7200.00,asharani20@gmail.com
21,"Sandeep Kumar",3,2,8400.00,sandeepkumar21@gmail.com
22,"Meera Pillai",1,1,9800.00,meerapiilai22@gmail.com
23,"Rohit Sharma",2,2,12100.00,rohitsharma23@gmail.com
24,"Shalini Gupta",3,3,9100.00,shalinigupta24@gmail.com
25,"Santosh Nayak",1,2,13500.00,santoshnayak25@gmail.com
26,"Keerthi Reddy",2,3,7600.00,keerthireddy26@gmail.com
27,"Varun Kapoor",3,1,15900.00,varunkapoor27@gmail.com
28,"Swathi Rao",1,3,8200.00,swathirao28@gmail.com
29,"Ganesh Iyer",2,1,9300.00,ganeshiyer29@gmail.com
30,"Farhan Ali",3,2,10400.00,farhanali30@gmail.com
31,"Nandini Singh",1,1,6900.00,nandini31@gmail.com
32,"Ramesh Patel",2,2,8800.00,rameshpatel32@gmail.com
33,"Sujatha Menon",3,3,14000.00,sujathamenon33@gmail.com
34,"Deepak Jain",1,2,11200.00,deepakjain34@gmail.com
35,"Sonia Kapoor",2,3,9800.00,soniakapoor35@gmail.com
36,"Hari Krishna",3,1,7300.00,harikrishna36@gmail.com
37,"Anil Kumar",1,3,15000.00,anilkumar37@gmail.com
38,"Rekha Devi",2,1,8700.00,rekhadevi38@gmail.com
39,"Naveen Reddy",3,2,10200.00,naveenreddy39@gmail.com
40,"Iqbal Khan",1,1,9100.00,iqbalkhan40@gmail.com
41,"Bharath Kumar",2,2,10800.00,bharathkumar41@gmail.com
42,"Sahana Rao",3,3,9400.00,sahanarao42@gmail.com
43,"Krishna Chaitanya",1,1,15600.00,krishnachaitanya43@gmail.com
44,"Srilatha Reddy",2,2,8200.00,srilathareddy44@gmail.com
45,"Dinesh Kumar",3,3,9900.00,dineshkumar45@gmail.com
46,"Vani Sharma",1,2,8700.00,vanisharma46@gmail.com
47,"Prakash Singh",2,3,14600.00,prakashsingh47@gmail.com
48,"Mounika Devi",3,1,7800.00,mounikadevi48@gmail.com
49,"Sagar Patel",1,3,11500.00,sagarpatel49@gmail.com
50,"Fatima Begum",2,1,6700.00,fatimabegum50@gmail.com
51,Deepak,2,1,12000.00,KOTAGIRIPREETHAM0ooooo@GMAIL.COM
52,"Kotagiri Preetham",3,4,4500.00,KOTAGIRIPREETHAM01@GMAIL.COM
53,"Alluri Deepak",1,1,10000.00,deepak24@gmail.com
54,Srithesh26,1,1,6000.00,srithesh26@gmail.com
55,55,2,1,55000.00,vinay24@gmail.com
56,Vinay,1,2,45000.00,vinay01@gmail.com
57,Preetham,1,4,4500.00,kotagiripreetham01@gmail.com
58,"K Preetham",1,2,1200.00,kotagiripreetham01@gmail.com
59,Preethamk,1,2,12000.00,kotagiripreetham01@gmail.com
60,"Anil Kumar",1,2,9000.00,anil60@gmail.com
61,"Priya Sharma",2,1,11000.00,priya61@gmail.com
62,"Rohit Reddy",3,3,7000.00,rohit62@gmail.com
63,"Sneha Patil",1,3,12000.00,sneha63@gmail.com
64,"Vikram Singh",2,2,8000.00,vikram64@gmail.com
65,"Meena Devi",3,1,6000.00,meena65@gmail.com
66,"Arjun Das",1,2,10000.00,arjun66@gmail.com
67,"Kavya Nair",2,3,9500.00,kavya67@gmail.com
68,"Suresh Babu",3,2,10500.00,suresh68@gmail.com
69,"Divya Rao",1,1,11500.00,divya69@gmail.com
70,"Harish Kumar",2,3,8500.00,harish70@gmail.com
71,"Lakshmi Priya",3,2,9000.00,lakshmi71@gmail.com
72,"Naveen Raj",1,1,13000.00,naveen72@gmail.com
73,"Pooja Mehta",2,2,7500.00,pooja73@gmail.com
74,"Ramesh Gupta",3,3,9800.00,ramesh74@gmail.com
75,"Swathi Reddy",1,2,10200.00,swathi75@gmail.com
76,"Manoj Verma",2,1,8800.00,manoj76@gmail.com
77,"Asha Kumari",3,3,9700.00,asha77@gmail.com
78,"Kiran Rao",1,2,10400.00,kiran78@gmail.com
79,"Deepak Singh",2,3,9200.00,deepak79@gmail.com
80,"Neha Joshi",3,1,8600.00,neha80@gmail.com
81,"Sanjay Reddy",1,2,9900.00,sanjay81@gmail.com
82,"Radha Devi",2,3,8300.00,radha82@gmail.com
83,"Vijay Kumar",3,1,10800.00,vijay83@gmail.com
84,"Anusha Rao",1,3,10100.00,anusha84@gmail.com
85,"Rajesh Gupta",2,2,9100.00,rajesh85@gmail.com
86,"Bhavana Das",3,1,8700.00,bhavana86@gmail.com
87,"Tarun Mehta",1,3,9600.00,tarun87@gmail.com
88,"Nikita Singh",2,2,9400.00,nikita88@gmail.com
89,"Pradeep Kumar",3,1,11200.00,pradeep89@gmail.com
90,"Suma Lakshmi",1,2,8900.00,suma90@gmail.com
91,"Amit Verma",2,3,9800.00,amit91@gmail.com
92,"Preethi Nair",3,2,9100.00,preethi92@gmail.com
93,"Lokesh Reddy",1,1,9700.00,lokesh93@gmail.com
94,"Varsha Rao",2,2,10300.00,varsha94@gmail.com
95,"Sathish Kumar",3,3,9200.00,sathish95@gmail.com
96,"Divakar Singh",1,2,9500.00,divakar96@gmail.com
97,"Keerthi Devi",2,1,8800.00,keerthi97@gmail.com
98,"Ravi Teja",3,2,11000.00,raviteja98@gmail.com
99,"Shilpa Mehta",1,3,9900.00,shilpa99@gmail.com
100,"Manasa Rao",2,2,10500.00,manasa100@gmail.com
101,"Prakash Reddy",3,1,9700.00,prakash101@gmail.com
102,"Nandini Sharma",1,3,8800.00,nandini102@gmail.com
103,"Ajay Kumar",2,1,9600.00,ajay103@gmail.com
104,"Lavanya Das",3,2,9000.00,lavanya104@gmail.com
105,"Harika Reddy",1,1,10200.00,harika105@gmail.com
106,"Vishal Singh",2,2,8900.00,vishal106@gmail.com
107,"Sunitha Devi",3,3,9300.00,sunitha107@gmail.com
108,"Rohini Rao",1,2,10400.00,rohini108@gmail.com
109,"Suresh Patel",2,3,9700.00,suresh109@gmail.com
110,"Madhu Kumar",3,1,9100.00,madhu110@gmail.com
111,"Aruna Reddy",1,3,9200.00,aruna111@gmail.com
112,"Sanjana Rao",2,2,9800.00,sanjana112@gmail.com
113,"Pranay Singh",3,1,8700.00,pranay113@gmail.com
114,"Karthik Kumar",1,2,9600.00,karthik114@gmail.com
115,"Bhargavi Devi",2,3,9400.00,bhargavi115@gmail.com
116,"Chandra Sekhar",3,2,10100.00,chandra116@gmail.com
117,"Tejaswini Rao",1,1,9900.00,tejaswini117@gmail.com
118,"Vamsi Krishna",2,2,9300.00,vamsi118@gmail.com
119,"Sravani Reddy",3,3,9700.00,sravani119@gmail.com
120,"Mohan Kumar",1,2,8800.00,mohan120@gmail.com
121,"Anusha Devi",2,1,9100.00,anusha121@gmail.com
122,"Rahul Sharma",3,2,9600.00,rahul122@gmail.com
123,"Keerthana Rao",1,3,9400.00,keerthana123@gmail.com
124,"Ganesh Kumar",2,2,9900.00,ganesh124@gmail.com
125,"Harini Reddy",3,1,8700.00,harini125@gmail.com
126,"Sai Teja",1,2,10200.00,saiteja126@gmail.com
127,"Deepika Sharma",2,3,9200.00,deepika127@gmail.com
128,"Vinay Kumar",3,2,9600.00,vinay128@gmail.com
129,"Pavani Rao",1,1,8800.00,pavani129@gmail.com
130,"Rakesh Reddy",2,2,10100.00,rakesh130@gmail.com
131,"Shruthi Devi",3,3,9500.00,shruthi131@gmail.com
132,"Mahesh Kumar",1,2,9700.00,mahesh132@gmail.com
133,"Lakshmi Rao",2,1,8900.00,lakshmi133@gmail.com
134,"Kavitha Sharma",3,2,9300.00,kavitha134@gmail.com
135,"Naveen Kumar",1,3,9600.00,naveen135@gmail.com
136,"Padma Devi",2,2,8800.00,padma136@gmail.com
137,"Ravi Kumar",3,1,9100.00,ravi137@gmail.com
138,"Anjali Reddy",1,2,9800.00,anjali138@gmail.com
139,"Satish Kumar",2,3,9400.00,satish139@gmail.com
140,"Divya Sharma",3,2,10200.00,divya140@gmail.com
141,"Praveen Reddy",1,1,9000.00,praveen141@gmail.com
142,"Geetha Devi",2,2,9600.00,geetha142@gmail.com
143,"Tarun Kumar",3,3,8800.00,tarun143@gmail.com
144,"Snehalatha Rao",1,2,9300.00,sneha144@gmail.com
145,"Kishore Kumar",2,1,9700.00,kishore145@gmail.com
146,"Sowmya Reddy",3,2,9400.00,sowmya146@gmail.com
147,"Ashok Kumar",1,3,9900.00,ashok147@gmail.com
148,"Lalitha Devi",2,2,9100.00,lalitha148@gmail.com
149,"Dinesh Reddy",3,1,9600.00,dinesh149@gmail.com
150,"Jyothi Rao",1,2,8800.00,jyothi150@gmail.com
